"Speaker Name","Start Time","End Time","Text"
"","00:00:00:06","00:00:03:12","오늘날 우리는 특히 LLM의 등장 이후 기술적인"
"","00:00:03:12","00:00:07:00","변화가 일어나고 있음을 목격하고 있습니다."
"","00:00:07:02","00:00:10:03","많은 사람들이 기술 변화에 적응하는 올바른"
"","00:00:10:03","00:00:13:03","방법을 찾는 데 어려움을 겪고 있습니다."
"","00:00:13:03","00:00:17:03","하지만 동시에 더 중요한 것은 무엇이 변하고 있는가 하는"
"","00:00:17:03","00:00:21:03","점입니다. 어쩌면 변하지 않는 것이 무엇인지 묻는 것이"
"","00:00:21:03","00:00:25:03","더 중요할지도 모릅니다. 인간은 오랫동안 논리적"
"","00:00:25:03","00:00:29:03","규칙을 사용하여 사람들을 설득하고 결정을 내려왔습니다."
"","00:00:29:03","00:00:33:03","우리는 지난 2000년 동안 이러한 논리적 규칙을"
"","00:00:33:03","00:00:37:03","따라왔습니다. 그리고 저는 바로 이 두 가지 철학적 접근"
"","00:00:37:03","00:00:42:20","방식이 교차하는 지점에 기술적 접근 방식이 있다는 것을 발견했습니다."
"","00:00:43:00","00:00:47:00","우리는 논증 기술이라는 학문 분야가 있다는 것을 알게"
"","00:00:47:00","00:00:51:00","되었습니다. 그리고 오늘 우리는 이 분야의 선구적인 학자를"
"","00:00:51:00","00:00:55:00","만나 이 분야, 즉 여러 학문의 교차점을 연구하는 그의 비전을"
"","00:00:55:00","00:00:59:00","살펴보았습니다. 그는 사람들의 생각을 자극하고 적절한"
"","00:00:59:00","00:01:03:08","조합을 통해 비판적 사고 능력을 향상시키는 방법을 모색하고 있습니다."
"","00:01:03:08","00:01:07:08","오늘은 던디 대학교의 크리스 리드 교수님께서 자신의 연구와"
"","00:01:07:08","00:01:11:08","이 접근 방식을 실제 응용 분야에 어떻게 적용할 수 있는지에"
"","00:01:11:08","00:01:15:09","대해 소개해주시기를 부탁드립니다."
"","00:01:15:11","00:01:19:11","따뜻한 소개 말씀 정말 감사합니다. 그리고 이곳에"
"","00:01:19:11","00:01:23:04","함께할 수 있도록 초대해 주셔서 감사합니다."
"","00:01:23:06","00:01:25:11","먼저 자기소개를 부탁드려도 될까요?"
"","00:01:25:12","00:01:28:21","간단한 자기소개를 부탁드립니다. 어떤 연구를 해오셨고, 연구 관심 분야는"
"","00:01:28:21","00:01:32:14","무엇이며, 왜 오늘날 중요한 연구 주제인지 말씀해 주시겠습니까?"
"","00:01:32:16","00:01:36:16","사실 저는 지난 30년 동안 인공지능"
"","00:01:36:16","00:01:40:16","모델링, 특히 논증과 인간의"
"","00:01:40:16","00:01:44:16","추론에 초점을 맞춰 연구해"
"","00:01:44:16","00:01:48:16","왔습니다. 사람들이 어떻게"
"","00:01:48:16","00:01:52:16","논리적이고 심사숙고된 언어적"
"","00:01:52:16","00:01:56:16","표현을 만들어내는지 이해하려고"
"","00:01:56:16","00:02:00:16","노력해 온 것이죠. 따라서 제"
"","00:02:00:16","00:02:04:16","연구의 핵심은 논증의 수행과"
"","00:02:04:16","00:02:09:20","타당성을 갖춘 결론에 도달하는 과정에 있습니다."
"","00:02:09:22","00:02:13:22","고려해야 할 사항이 많습니다. 사람들이 논쟁하거나"
"","00:02:13:22","00:02:17:22","의견이 다를 때, 그들은 자신의 반대 의견을 표현하고"
"","00:02:17:22","00:02:21:22","갈등을 겪게 됩니다. 그리고 그 갈등을 합의된 해결책으로"
"","00:02:21:22","00:02:26:10","해결하려고 할 때, 수많은 요소들이 작용합니다."
"","00:02:26:14","00:02:30:14","그러므로 체면치레와 예의, 그리고 모든 사회적"
"","00:02:30:14","00:02:34:14","상호작용 요소를 통합해야 합니다. 왜냐하면 사람들은"
"","00:02:34:14","00:02:37:18","갈등을 관리하기 어려워하기 때문입니다."
"","00:02:37:18","00:02:41:18","증거를 통해 검증해야 할 필요성이 대두됩니다."
"","00:02:41:18","00:02:45:18","따라서 객관성, 신뢰성 등의 요소가 세상과"
"","00:02:45:18","00:02:49:18","상호작용하고, 기존의 증거들, 검증 여부,"
"","00:02:49:18","00:02:53:18","개선 방안 등과 맞물리게 됩니다. 이렇게 모든"
"","00:02:53:18","00:02:57:18","종류의 정교한 인간 행동이 복잡하게 얽혀 있는"
"","00:02:57:18","00:03:00:20","구조가 형성되는 것입니다."
"","00:03:00:20","00:03:04:20","그런 것들이 모여서 하나의 큰 그림을 그리는 거죠."
"","00:03:04:20","00:03:08:20","인간의 추론을 모델링하고, 나아가 비판하거나,"
"","00:03:08:20","00:03:13:16","참여하거나, 지지하려면 다뤄야 할 것들이 정말 많습니다."
"","00:03:13:16","00:03:15:01","그게 제가 오랫동안 집중해 온 부분입니다."
"","00:03:15:01","00:03:18:15","할 일이 많았습니다."
"","00:03:18:17","00:03:22:17","네, 우선, 우리가 직면한 초기 문제 중"
"","00:03:22:17","00:03:26:17","하나는, 서두에서 언급하셨듯이 논증"
"","00:03:26:17","00:03:30:17","이론이라는 학문 자체가 아리스토텔레스"
"","00:03:30:17","00:03:34:17","시대 이전까지 거슬러 올라가 2000년이"
"","00:03:34:17","00:03:38:17","넘는 역사를 가지고 있음에도 불구하고,"
"","00:03:38:17","00:03:41:22","현대 인공지능 연구자들이 데이터라고"
"","00:03:41:22","00:03:44:22","부르는 자료가 많지 않다는 점입니다."
"","00:03:44:22","00:03:47:14","규칙이 많지 않아요."
"","00:03:47:14","00:03:51:14","네. 그리고 이건 아주 초창기부터 문제였는데,"
"","00:03:51:14","00:03:57:03","20세기 철학에서 논증의 구조에 초점을 맞춘 부분이 많았기 때문입니다."
"","00:03:57:03","00:04:01:03","하지만 그러한 연구의 대부분은 실제로 무엇이 진실인지,"
"","00:04:01:03","00:04:05:03","사람들이 실제로 무엇을 주장하는지 직접 확인하기보다는,"
"","00:04:05:03","00:04:09:15","무엇이 진실이어야 하는지를 고찰하는 분석적 전통에 따라 진행됩니다."
"","00:04:09:17","00:04:14:01","그리고 그 경험적 용어는 사실 아주 최근에 생긴 개념입니다."
"","00:04:14:01","00:04:18:01","그래서 우리가 해야 했던 일 중 하나는 사람들이 어떻게"
"","00:04:18:01","00:04:22:01","논쟁하는지 살펴보는 것이었습니다. 사소하게 들릴"
"","00:04:22:01","00:04:26:01","수도 있지만, 특히 컴퓨터 환경에서 이를 수행하려면"
"","00:04:26:01","00:04:30:10","도구와 인프라가 필요하다는 점이 어려운 과제 중 하나였습니다."
"","00:04:30:11","00:04:35:02","데이터를 수집하고 분석하고 주석을 달 수 있어야 합니다."
"","00:04:35:04","00:04:39:04","그 당시에는 그런 것들이 전혀 없었죠. 그렇죠. 그래서 우리는"
"","00:04:39:04","00:04:43:04","말 그대로 제로에서 시작해서 도구들을 하나씩 구축해 나가야"
"","00:04:43:04","00:04:47:04","했습니다. 분석 기법과 주석 지침들이 이 모든 과정을 이끌어,"
"","00:04:47:04","00:04:50:21","마침내 데이터를 수집할 수 있는 단계에 이르게 했습니다."
"","00:04:50:21","00:04:54:21","그렇게 하는 데 약 10년이 걸렸습니다. 그리고 나서야 비로소"
"","00:04:54:21","00:04:58:21","사람들이 다양한 영역에서 어떻게 논쟁하는지 살펴볼 수 있었습니다."
"","00:04:58:21","00:05:03:07","왜냐하면 논쟁은 사실상 인간 경험 전반에 걸쳐 보편적이기 때문입니다."
"","00:05:03:07","00:05:07:07","그렇죠? 그러니까 법정의 변호사든,"
"","00:05:07:07","00:05:12:14","집에서 누가 설거지를 할 건지 다투는 부부든 상관없이요."
"","00:05:12:19","00:05:16:19","아시다시피, 우리가 거치는 과정들은 매우 유사합니다."
"","00:05:16:19","00:05:22:04","이러한 다양한 논증 영역 전반에 걸쳐 공통점이 있습니다."
"","00:05:22:06","00:05:26:06","하지만 동시에 기업 이사회에서 논쟁하는 방식과 실제 업무를"
"","00:05:26:06","00:05:30:06","수행하는 방식에는 미묘한 차이, 엄청난 차이가 존재하기도"
"","00:05:30:06","00:05:34:06","합니다. 네, 맞습니다. 그래서 저희는 이러한 다양한"
"","00:05:34:06","00:05:38:05","영역에서 많은 데이터를 수집해야 했습니다."
"","00:05:38:07","00:05:42:07","또한 일관된 주석 기법을 적용하여 대규모"
"","00:05:42:07","00:05:46:07","코퍼스를 구축하고, 그 데이터 세트를"
"","00:05:46:07","00:05:51:00","기반으로 시스템을 구축하기 시작해야 합니다."
"","00:05:51:00","00:05:55:00","그래서 말씀드린 대로 수십 년에 걸쳐 다양한 도구,"
"","00:05:55:00","00:05:58:19","데이터 세트, 알고리즘 기법으로 이루어진"
"","00:05:58:19","00:06:01:19","생태계가 등장하게 된 것입니다."
"","00:06:01:19","00:06:05:19","그러다가 약 10년 전, 새로운 AI의"
"","00:06:05:19","00:06:09:19","등장과 그 직후 대규모 언어 모델의 등장으로"
"","00:06:09:19","00:06:13:19","자연어 텍스트에서 구조화된 추론을"
"","00:06:13:19","00:06:17:19","자동으로 인식할 수 있는 기술이 생겨났다는"
"","00:06:17:19","00:06:21:19","것을 깨달았습니다. 그래서 이러한"
"","00:06:21:19","00:06:25:08","데이터셋을 기반으로 추론 리듬을"
"","00:06:25:08","00:06:30:05","개발하기 시작했습니다."
"","00:06:30:07","00:06:34:07","문제는 2026년 초인 오늘날에도"
"","00:06:34:07","00:06:38:07","최첨단 기술로는 논증 과정에 내재된"
"","00:06:38:07","00:06:42:07","정교함, 미묘함, 그리고 인간 인지"
"","00:06:42:07","00:06:46:07","능력에 대한 숙련도를 제대로 표현할"
"","00:06:46:07","00:06:50:07","수 없다는 점입니다. 따라서 LLM은"
"","00:06:50:07","00:06:55:06","기존의 틀을 벗어난 개념입니다."
"","00:06:55:06","00:06:59:06","우리는 사람들이 결론을 뒷받침하는"
"","00:06:59:06","00:07:03:06","증거를 제시할 때, 즉 가설을"
"","00:07:03:06","00:07:07:06","지지하거나 반증하기 위해 추론"
"","00:07:07:06","00:07:11:06","과정을 어떻게 구성하는지 제대로"
"","00:07:11:06","00:07:15:06","파악하는 데 매우 서툴다. 그래서"
"","00:07:15:06","00:07:19:06","우리는 매우 흥미로운 전환점을"
"","00:07:19:06","00:07:23:06","맞이했다. 현대의, 특히 최근에는"
"","00:07:23:06","00:07:27:06","대규모 추론 모델과 알고리즘의 힘과"
"","00:07:27:06","00:07:31:06","정교함이 끊임없이 증가함에 따라"
"","00:07:31:06","00:07:34:14","근본적인 한계가 존재한다는 것이다."
"","00:07:34:14","00:07:38:14","이러한 AI 시스템들이 스스로 이러한"
"","00:07:38:14","00:07:43:06","문제들을 해결할 수 있는 능력을 갖춘 것 같습니다."
"","00:07:43:06","00:07:47:06","그래서 논증 기술은 지금 이처럼"
"","00:07:47:06","00:07:52:08","흥미로운 폭풍의 한가운데에 있습니다."
"","00:07:52:10","00:07:56:10","추론 능력이 강조되고 있고 실제로도"
"","00:07:56:10","00:08:00:10","인공지능이 할 수 있는 일에 있어 핵심적이고"
"","00:08:00:10","00:08:04:18","근본적인 중요성이 강조되는 만큼,"
"","00:08:04:18","00:08:08:18","하지만 LLM이 요구하는 정교함과 역량을 측정하는"
"","00:08:08:18","00:08:12:18","것조차 쉽지 않은데, 앞으로 몇 년 동안 우리가 진행할"
"","00:08:12:18","00:08:17:06","논증 기술 관련 작업이 그 모든 것을 필요로 합니다."
"","00:08:17:12","00:08:19:15","그래서 지금 이 시기에 이러한 것들을 발표하는 작업을 하는 것은 매우"
"","00:08:19:15","00:08:21:19","흥미로운 일입니다."
"","00:08:22:00","00:08:26:00","네, 맞습니다. 네. 좀 더 기술적인 세부 사항으로 들어가기"
"","00:08:26:00","00:08:30:00","전에, 방금 간략하게 말씀해주신 당신의 업무에 대해 궁금한"
"","00:08:30:00","00:08:34:00","점이 있습니다. 당신의 업무가 공공 부문이나 다른 분야의 다양한"
"","00:08:34:00","00:08:37:09","프로젝트에 어떻게 적용되었는지 궁금합니다."
"","00:08:37:11","00:08:41:11","그리고 그것을 바탕으로 제가 마지막으로 드리고 싶은 질문은 그것이"
"","00:08:41:11","00:08:44:13","인간에게 왜 중요한가 하는 것입니다. 제 생각에는"
"","00:08:44:13","00:08:47:13","그 두 질문이 자연스럽게 이어지는 것 같습니다."
"","00:08:47:13","00:08:51:13","제가 특히 관심을 가져온 것 중 하나는,"
"","00:08:51:13","00:08:55:13","인공지능 연구를 통해 이처럼 보편적인"
"","00:08:55:13","00:08:59:13","현상인 논쟁에 접근하고, 이를 다양한"
"","00:08:59:13","00:09:04:16","분야에 적용하여 어떤 영향을 미칠 수 있을지입니다."
"","00:09:04:16","00:09:06:15","세상에 긍정적인 영향을 미치는 건 언제나 어려운 일이죠, 그렇죠?"
"","00:09:06:15","00:09:10:15","상당한 실적과 끈기가 있어야 변화를"
"","00:09:10:15","00:09:14:15","만들어낼 수 있습니다. 하지만 말씀하신"
"","00:09:14:15","00:09:18:15","대로 작은 성공이라도 거두었습니다."
"","00:09:18:15","00:09:20:22","일부는 공공 부문에 종사하고, 일부는 다른 부문에 종사합니다."
"","00:09:21:03","00:09:24:10","몇 가지 예를 들어 설명해 드리겠습니다."
"","00:09:24:10","00:09:28:10","저희는 BBC 및 영국과 오랜 관계를"
"","00:09:28:10","00:09:32:10","맺어왔는데, 그 시작은 BBC 라디오 4,"
"","00:09:32:10","00:09:36:10","특히 '도덕적 미로(The Moral"
"","00:09:36:10","00:09:40:10","Maze)'라는 프로그램 제작팀과의"
"","00:09:40:10","00:09:44:10","협업이었습니다. 만약 추론과 시사 문제에"
"","00:09:44:10","00:09:48:10","대한 그 적용에 관심 있는 분이라면 이"
"","00:09:48:10","00:09:52:10","프로그램을 강력히 추천합니다. 이"
"","00:09:52:10","00:09:56:10","프로그램은 네 명의 고정 패널들이 다소"
"","00:09:56:10","00:09:59:17","격렬하고 공격적인 방식으로 토론하는 형식입니다."
"","00:09:59:17","00:10:03:17","이번 주 방송 주제에 대한 전문가인 네 명의 증인이"
"","00:10:03:17","00:10:08:24","출연하며, 방송 주제는 최근 뉴스에서 발췌되었습니다."
"","00:10:09:01","00:10:13:01","그리고 그 취지는 증인들이 패널들에 의해 반대 심문을 받는다는 것입니다."
"","00:10:13:03","00:10:17:03","그래서 사람들이 어떻게 논쟁하고, 어떻게 자신감을 표현하고,"
"","00:10:17:03","00:10:21:14","어떻게 합의에 도달하는지 탐구하기에 아주 좋은 환경입니다."
"","00:10:21:14","00:10:25:14","그래서 우리는 그들과 협력하여 상호작용적"
"","00:10:25:14","00:10:29:14","논증의 기본적인 메커니즘, 즉 어떻게 작동하고"
"","00:10:29:14","00:10:36:04","어떻게 구성되는지 이해하려고 노력하기 시작했습니다."
"","00:10:36:06","00:10:40:06","그래서 저희는 우선 그들의"
"","00:10:40:06","00:10:44:01","프로그램들을 여러 개"
"","00:10:44:01","00:10:47:01","녹취하고 분석했습니다."
"","00:10:47:01","00:10:49:22","제 생각엔 한 30화에서 45화 정도 될 것 같아요."
"","00:10:49:23","00:10:53:23","그리고 그 작업의 상당 부분은 예비 작업이었고,"
"","00:10:53:23","00:10:57:23","주석을 달 수 있다는 것이 무엇을 의미하는지"
"","00:10:57:23","00:11:01:23","이해하려고 노력했습니다. 데이터 세트를"
"","00:11:01:23","00:11:05:23","구축하면서 이러한 유형의 진행 방식의 역학이"
"","00:11:05:23","00:11:09:23","어떻게 구조화되는지에 대한 흥미로운 통찰력을"
"","00:11:09:23","00:11:13:23","얻기 시작했습니다. 예를 들어, 발언 순서가"
"","00:11:13:23","00:11:17:23","아이디어 발표와 어떻게 상호 작용하는지,"
"","00:11:17:23","00:11:21:23","질문이 어떻게 프로그램의 나머지 부분을"
"","00:11:21:23","00:11:26:12","관통하는 주제를 설정하는지 등을 살펴보았습니다."
"","00:11:26:14","00:11:30:14","그리고 우리가 아주 초기에 깨달은 것 중 하나는 데이터 양이"
"","00:11:30:14","00:11:34:03","엄청나다는 것이었습니다. 예를 들어, 45분짜리"
"","00:11:34:03","00:11:37:03","프로그램에는 아마 1만 단어 정도가 들어갈 겁니다."
"","00:11:37:03","00:11:40:00","음, 한 500개 정도의 용어를 익혔네요."
"","00:11:40:00","00:11:44:00","그러니까 여러분은 상호작용하는 매우 복잡한 언어적 자료들을 많이"
"","00:11:44:00","00:11:48:00","가지고 있는데, 아시다시피 논증 이론 분야에서 일하는 사람들은"
"","00:11:48:00","00:11:52:00","전제와 결론을 연결하는 상자와 화살표 다이어그램을 아주 좋아합니다."
"","00:11:52:00","00:11:56:00","물론 이런 다이어그램은 매우 유용하고 유익합니다. 하지만 상자와"
"","00:11:56:00","00:12:00:21","화살표가 수천 개씩 얽히게 되면 완전히 스파게티처럼 되어버리죠."
"","00:12:00:21","00:12:04:21","그래서 정보를 제시하는 다른 방법이 필요했습니다."
"","00:12:04:21","00:12:08:21","그래서 저희는 다양한 추상화 메커니즘을 통해"
"","00:12:08:21","00:12:12:21","추상적인 개념에 대한 통찰력을 제공하는 일련의"
"","00:12:12:21","00:12:16:21","분석 도구를 개발하기 시작했습니다. 예를 들어,"
"","00:12:16:21","00:12:20:21","갈등 발생 지점이 어디에 있고, 그것들이 어떻게"
"","00:12:20:21","00:12:27:02","상호작용하는지 보여줄 수 있게 된 거죠. 네, 맞습니다."
"","00:12:27:04","00:12:31:04","그래서, 아시다시피, 우리는 거기서 얻은 교훈들을 제작팀에"
"","00:12:31:04","00:12:35:04","전달해서 ""우리가 상황을 이렇게 관찰하고 파악했어요.""라고"
"","00:12:35:04","00:12:39:21","말할 수 있었죠. 그랬더니 제작팀에서 ""좋은 생각이네요.""라고 했어요."
"","00:12:39:21","00:12:42:21","어떻게 하면 그것을 우리 관객들에게 전달할 수 있을까요?"
"","00:12:42:21","00:12:44:16","그렇죠? 어떻게 하면 그 토론을 이해하는 데 필요한 통찰력을 얻을 수"
"","00:12:44:16","00:12:46:24","있을까요?"
"","00:12:47:01","00:12:50:11","그리고 중요한 것은 단순히 누가 이기느냐가 아니라, 누가"
"","00:12:50:11","00:12:53:11","논리를 잘 뒷받침하는 주장을 펼치느냐입니다."
"","00:12:53:11","00:12:57:11","그리고 누가 그 입장을 확고히 하고, 항복하는"
"","00:12:57:11","00:13:01:11","대신 모든 도전자로부터 그것을 지켜낼 수"
"","00:13:01:11","00:13:04:21","있을까요? 아니면 누가 이런 다소 모호한"
"","00:13:04:21","00:13:07:21","개념에 가장 능숙할까요? 네."
"","00:13:07:22","00:13:10:16","이제 증거를 확보할 수 있습니다."
"","00:13:10:16","00:13:14:16","데이터 기반이라고요? 네. 그래서 저희는 그들과 협력해서"
"","00:13:14:16","00:13:18:16","이러한 분석 결과를 프로그램이 실시간으로 작동하도록"
"","00:13:18:16","00:13:22:13","만들었습니다. 그래서 그들이... 맞습니다."
"","00:13:22:17","00:13:25:22","그리고 그러한 분석들은 적어도 현재로서는 모두 그렇습니다."
"","00:13:25:24","00:13:29:24","또는 웹사이트라고 말할 수도 있는데,"
"","00:13:29:24","00:13:33:24","청취자들로부터 엄청난 양의 긍정적인"
"","00:13:33:24","00:13:37:24","피드백을 받았고, 이러한 매우 상세한 데이터"
"","00:13:37:24","00:13:41:24","기반 분석을 프로그램에서 일어난 일과 비교해"
"","00:13:41:24","00:13:45:24","보는 데 매료되었습니다. 이러한 피드백"
"","00:13:45:24","00:13:49:24","댓글을 바탕으로 2016년 미국 대선 토론에"
"","00:13:49:24","00:13:53:24","대해서도 비슷한 분석을 진행했습니다."
"","00:13:53:24","00:13:57:24","신문에서 나오는 전문가들의 분석, 예를"
"","00:13:57:24","00:14:01:24","들어 트럼프가 매우 회피적이었다거나"
"","00:14:01:24","00:14:05:24","클린턴이 잘못된 문제에 집중했다는 등의"
"","00:14:05:24","00:14:09:05","내용을 데이터로 분석할 수 있었습니다."
"","00:14:09:11","00:14:13:11","그건 정말 흥미로운 경험이었어요. 사람들에게"
"","00:14:13:11","00:14:17:11","그런 통찰력을 줄 수 있었다는 것도 좋았지만,"
"","00:14:17:11","00:14:21:11","그 경험이 이후 BBC와 함께 교육 분야에서 더"
"","00:14:21:11","00:14:26:10","많은 일을 할 수 있는 토대를 마련해 주기도 했죠."
"","00:14:26:12","00:14:30:12","저희는 BBC, School Report와"
"","00:14:30:12","00:14:34:12","협력했는데, School Report는 미디어"
"","00:14:34:12","00:14:38:12","리터러시를 향상시키는 것을 목표로 하는 단체였습니다."
"","00:14:38:12","00:14:42:12","제 기억이 맞다면 2018년이었는데, 그때 저희는"
"","00:14:42:12","00:14:46:12","학생들이 가짜 뉴스를 식별하는 데 도움이 되는 소프트웨어를"
"","00:14:46:12","00:14:50:04","개발해 달라는 의뢰를 받았습니다."
"","00:14:50:06","00:14:54:06","제 아이디어는 한편으로는 질이 떨어지는 저널리즘과"
"","00:14:54:06","00:14:58:06","다른 한편으로는 질이 떨어지는 추론 사이의"
"","00:14:58:06","00:15:02:06","유사점을 찾아내고, 같은 도구를 사용하여 제가"
"","00:15:02:06","00:15:06:06","접하는 일부 보도가 가짜일 가능성을 시사하는"
"","00:15:06:06","00:15:10:06","약점을 밝혀내는 것이었습니다. 네. 그리고 이"
"","00:15:10:06","00:15:14:21","프로그램은 영국의 모든 중등학교에 도입되었습니다."
"","00:15:14:21","00:15:16:22","그리고 그 사용자층은 꽤 까다로웠죠, 그렇죠? 16세에서 18세 사이의"
"","00:15:16:22","00:15:18:23","청소년들이잖아요."
"","00:15:19:02","00:15:24:17","그런데도 피드 반응은 엄청나게 긍정적이었잖아요?"
"","00:15:24:17","00:15:28:17","그래서 아이들의 3분의 2 이상이 이 프로그램이 가짜 뉴스를"
"","00:15:28:17","00:15:31:14","구별하는 데 실제로 도움이 되었다고 답했습니다. 이는 여러모로 매우"
"","00:15:31:14","00:15:34:11","긍정적인 결과였습니다."
"","00:15:34:11","00:15:38:11","교육 분야에서요. 그리고 아마도 다른"
"","00:15:38:11","00:15:42:11","응용 분야로 나아가는 데 자극을 준 것"
"","00:15:42:11","00:15:46:11","같아요. 몇 가지만 예를 들자면, 토론의"
"","00:15:46:11","00:15:52:07","역동성을 어떻게 드러낼 수 있을지 살펴보고 있습니다."
"","00:15:52:13","00:15:59:04","특히 시민 의회와 같은 공공 토론의 질을 향상시키기 위해."
"","00:15:59:06","00:16:03:06","또한, 완전히 다른 환경에서 정보 분석가들이"
"","00:16:03:06","00:16:07:06","매우 정교한 추론 기법을 사용하고, 정말"
"","00:16:07:06","00:16:11:06","중요한 사안에 대해 엄청난 시간적 압박 속에서"
"","00:16:11:06","00:16:15:06","업무를 수행해야 하는 상황에서, 그들이 더"
"","00:16:15:06","00:16:19:06","나은 결정을 효율적으로 내릴 수 있도록 돕는"
"","00:16:19:06","00:16:22:21","도구를 제공하는 방안을 모색해 왔습니다."
"","00:16:22:21","00:16:26:21","그리고 우리는 정반대의 접근 방식인"
"","00:16:26:21","00:16:29:24","중재자들과도 협력해 왔습니다."
"","00:16:29:24","00:16:33:24","그래서 기업 중재자들도 그렇고, 부부 중재자들도"
"","00:16:33:24","00:16:42:01","마찬가지로, 논쟁이 매우 정교하지만 동시에 매우 치열한 분야입니다."
"","00:16:42:03","00:16:46:03","그래서 논리적인 구조는 여전히 존재하지만, 언어적,"
"","00:16:46:03","00:16:50:03","도구적 기법이 매우 정교하게 활용되는 측면도 있습니다."
"","00:16:50:03","00:16:54:03","저희는 이러한 역동성이 어떻게 결합되는지 살펴보았습니다."
"","00:16:54:03","00:16:58:03","그 과정에서 핵심 기법 중 하나인 '재구성'에 대해 많은 것을"
"","00:16:58:03","00:17:02:03","배웠는데, 이 기법은 중재뿐만 아니라 모든 종류의 논증에서"
"","00:17:02:03","00:17:06:03","중요한 역할을 한다는 것을 알게 되었습니다. 따라서 저희는"
"","00:17:06:03","00:17:10:03","이러한 복합적인 상황을 고려하고 중재자 양성에 도움이 되는"
"","00:17:10:03","00:17:13:24","도구를 제공하기 위해 모델을 확장해 왔습니다."
"","00:17:13:24","00:17:17:24","새로운 아이디어와 함께라면, 예상하시다시피"
"","00:17:17:24","00:17:22:11","잠재적인 응용 분야가 매우 다양합니다."
"","00:17:22:13","00:17:26:13","그리고 저는 이것이 논증의 보편성뿐만 아니라"
"","00:17:26:13","00:17:33:19","논증의 적용 가능성까지 보여준다고 생각합니다."
"","00:17:33:21","00:17:37:21","제가 당신의 BBC 프로젝트에 대해 설명할 때, 마치 스포츠 경기"
"","00:17:37:21","00:17:41:07","하이라이트를 보여주는 것 같은 이미지를 떠올렸어요."
"","00:17:41:07","00:17:45:02","완전히 똑같아요."
"","00:17:45:02","00:17:49:02","하지만 그건 정확히 맞는 말입니다. 그리고 저는 우리가"
"","00:17:49:02","00:17:52:03","스포츠 경기에 대한 데이터 기반 분석에 너무"
"","00:17:52:03","00:17:55:03","익숙해졌다는 점이 흥미롭다고 생각합니다."
"","00:17:55:05","00:17:59:05","그렇죠? 사실, 그런 정보가 없으면 뭔가 속은 기분이 들 것 같아요. 타율"
"","00:17:59:05","00:18:02:19","같은 것도 알고 싶고, 모든 정보를 손쉽게 얻을 수 있으면 좋잖아요."
"","00:18:02:19","00:18:05:19","재밌기도 하고, 우리에게 힘을 실어주는 것 같아요."
"","00:18:05:19","00:18:09:19","하지만 제가 전혀 신경 쓰지 않는 것들, 예를"
"","00:18:09:19","00:18:13:19","들어 누가 대통령이 되느냐 같은 것들은요."
"","00:18:13:19","00:18:17:06","우리는 그런 기대를 하지 않아요."
"","00:18:17:06","00:18:20:15","우리는 데이터 기반 접근보다는 전문가들의"
"","00:18:20:15","00:18:23:15","의견에 익숙해져 있는 것 같아요."
"","00:18:23:15","00:18:26:24","실제로 일어나는 일은 대략 이와 같습니다."
"","00:18:26:24","00:18:28:24","그리고 제 생각에 그건 제가 앞서 던졌던 두 번째 질문, 즉 왜 중요한지에"
"","00:18:28:24","00:18:30:24","대한"
"","00:18:30:24","00:18:33:11","완벽한 답이 될 것 같습니다. 요즘 우리는 일상생활 속에서 엄청난 양의"
"","00:18:33:11","00:18:35:23","정보를 접하고 있잖아요."
"","00:18:35:23","00:18:39:23","그리고 더욱 중요한 것은, 우리 자신의 직감을 믿고 마지막"
"","00:18:39:23","00:18:43:23","검사 결과를 바탕으로 결정을 내리는 것입니다. 머릿속에"
"","00:18:43:23","00:18:47:23","온갖 정보가 쏟아져 들어올 수도 있으니까요. 그래서 저는"
"","00:18:47:23","00:18:51:16","비판적 사고 능력이 요즘 시대에 매우 중요하다고 생각합니다."
"","00:18:51:18","00:18:57:03","맞아요. 최근 비판적 사고 능력에 대한 논의가 상당히 활발했던 것 같아요."
"","00:18:57:03","00:19:01:03","사람들이 현대 인공지능의 여러 가지 어려움을"
"","00:19:01:03","00:19:05:03","이해하기 시작하면서, 특히 인공지능은"
"","00:19:05:03","00:19:09:03","엄청난 힘을 가지고 있고 우리 모두에게 매우"
"","00:19:09:03","00:19:13:03","매력적이죠. 우리 모두 어떤 식으로든"
"","00:19:13:03","00:19:17:03","인공지능을 사용하고 있으니까요. 하지만"
"","00:19:17:03","00:19:21:03","교육계를 비롯한 여러 분야에서 인공지능의"
"","00:19:21:03","00:19:25:08","과도한 사용에 대한 우려의 목소리가 나오고 있습니다."
"","00:19:25:09","00:19:30:11","이런 경향이 있어서 그런 기술들을 무디게 만드는 것 같아요."
"","00:19:30:11","00:19:33:04","그리고 아시다시피, 우리는 이 부분을 다시 생각해 볼 필요가 있습니다."
"","00:19:33:04","00:19:36:05","우리가 인공지능을 사용하는 방식을 재정립해 봅시다."
"","00:19:36:05","00:19:38:17","저는 이것이 정말 흥미롭다고 생각해요. 왜냐하면 인공지능은 정말 놀라운"
"","00:19:38:17","00:19:41:05","도구니까요."
"","00:19:41:06","00:19:45:06","제 말은, 현대 LLM은 전통적인 방식, 그러니까"
"","00:19:45:06","00:19:50:15","아주 오래된 방식과 협력할 수 있게 해주는 놀라운 도구라는 겁니다."
"","00:19:50:16","00:19:54:08","추론 기법, 인간의"
"","00:19:54:08","00:19:57:14","수행 능력과 함께."
"","00:19:57:16","00:20:01:16","그리고 아시다시피, AI가 인간의 처리"
"","00:20:01:16","00:20:06:14","능력을 잠식하고 있다는 우려가 많습니다."
"","00:20:06:16","00:20:10:16","제 생각에는 그건 완전히 틀린 생각인 것 같아요."
"","00:20:10:16","00:20:14:21","우리는 이걸 협력의 기회로 봐야 합니다."
"","00:20:14:21","00:20:18:21","저는 특히 이러한 것들이 다양한 분야에서 여러"
"","00:20:18:21","00:20:22:21","가지 이름으로 불린다는 점에 관심이 많습니다."
"","00:20:22:21","00:20:26:21","인간-기계 협업, 공동 작업, 인간 에이전트"
"","00:20:26:21","00:20:30:21","집단 등이 있죠. 인공지능이 의사결정 과정에"
"","00:20:30:21","00:20:34:21","참여할 수 있게 된 사례도 많이 봤습니다. 따라서"
"","00:20:34:21","00:20:38:21","많은 분야에서 견고한 의사결정을 내리려면"
"","00:20:38:21","00:20:44:07","다양한 관점과 부서, 분야의 의견을 수렴해야 합니다."
"","00:20:44:09","00:20:46:18","그러면 사람들은 서로 의견을 주고받으며 해결책을 찾을 겁니다. 제안이나"
"","00:20:46:18","00:20:49:02","기부 같은 것들이요."
"","00:20:49:02","00:20:53:02","그러한 관점에 대한 근거를 제시하고,"
"","00:20:53:02","00:20:57:02","저 또한 그 자리에 함께 참여하여"
"","00:20:57:02","00:21:01:02","통찰력, 비판, 반박, 지지를"
"","00:21:01:02","00:21:06:03","제공하며 공정한 경쟁의 장을 마련할 수 있습니다."
"","00:21:06:03","00:21:10:03","인간과 기계 사이의 관계에 있어, 다양한"
"","00:21:10:03","00:21:14:03","관점을 최대한 줄여 품질을 향상시키거나,"
"","00:21:14:03","00:21:18:03","인공지능을 적으로 보거나 위협으로 보는"
"","00:21:18:03","00:21:22:14","이분법적 시각에서 벗어나도록 하는 것이 중요합니다."
"","00:21:22:14","00:21:24:18","그것을 팀의 일부로 보는 것."
"","00:21:24:22","00:21:28:16","협업적인 환경이라는 점에서, 저는 그것이 정말"
"","00:21:28:16","00:21:31:21","멋진 기회가 될 거라고 생각합니다."
"","00:21:31:23","00:21:34:14","곧 그렇게 될 겁니다. 저도 전적으로 동의합니다. 그리고 실제로 최근"
"","00:21:34:14","00:21:37:05","하버드 비즈니스 리뷰에 실린 기사가 생각나네요."
"","00:21:37:05","00:21:40:15","그러니까 그들이 맥킨지 앤 컴퍼니의 게시물을 보고 싶다면 말이죠."
"","00:21:40:17","00:21:44:17","그래서 그들은, 맥킨지 게시물에서, 이전처럼 사례"
"","00:21:44:17","00:21:49:23","인터뷰라고 부르는 방식으로 후보자를 모집하는 방식을 바꿨다고 말했습니다."
"","00:21:50:00","00:21:54:00","젊은이들이 후보들을 놓고 경쟁하면서 어떻게 하면 올바른 논리적"
"","00:21:54:00","00:21:57:23","구조를 생각해낼 수 있을지 고민하는 모습과 비슷합니다."
"","00:21:58:02","00:22:02:02","문제는 인공지능이 주니어급보다도 훨씬 뛰어나다는 거죠. 네, 맞아요."
"","00:22:02:02","00:22:04:09","그래서 상호작용 방식이 바뀌는 거죠. 사람들은 이미 그런 변화에 익숙해져"
"","00:22:04:09","00:22:06:16","있어요."
"","00:22:06:16","00:22:09:23","인공지능을 활용하면 인공지능으로부터 많은 정보를 얻을 수 있습니다."
"","00:22:10:04","00:22:14:04","하지만 인공지능이 그런 식으로 무엇을 내놓는지, 특히"
"","00:22:14:04","00:22:18:04","비선형적 사고에 주목하는지 비판적으로 평가해야"
"","00:22:18:04","00:22:22:04","합니다. 왜냐하면 인공지능은 선형적이고 직관적인"
"","00:22:22:04","00:22:26:04","사고에는 매우 능숙하지만, 비선형적인 창의성은"
"","00:22:26:04","00:22:29:10","인공지능에서 쉽게 나오지 않기 때문입니다."
"","00:22:29:11","00:22:31:12","이것이 바로 인공지능이 인간과 소통하며 생각을 표현하는 방식의 한 가지"
"","00:22:31:12","00:22:33:14","모습인 것 같습니다."
"","00:22:33:14","00:22:35:23","제 생각엔 그게 바로 완벽한 예시인 것 같아요."
"","00:22:35:23","00:22:39:23","그래서 그 도전이나 시험, 평가 자체가"
"","00:22:39:23","00:22:43:23","후보자에게 큰 격려가 됩니다. 결정 자체에"
"","00:22:43:23","00:22:47:23","집중하는 것이 아니라, 결정이 내려지는"
"","00:22:47:23","00:22:51:23","과정 자체가 중요하다고 생각합니다."
"","00:22:51:23","00:22:55:23","솔직히 말해서, 그런 도전이 없더라도"
"","00:22:55:23","00:22:59:08","충분히 좋은 결과라고 생각하지만,"
"","00:22:59:08","00:23:02:08","정말 딱 맞는 지적입니다."
"","00:23:02:08","00:23:06:08","인공지능이 어쩔 수 없이 우리를 그렇게"
"","00:23:06:08","00:23:10:08","만들었어요. 그리고 비판적 사고 과정에"
"","00:23:10:08","00:23:14:08","집중하고, 다른 관점을 평가하고 판단하고"
"","00:23:14:08","00:23:18:08","통합하며, 이의를 제기하는 능력을 키우는"
"","00:23:18:08","00:23:22:08","것이야말로 비판적 사고를 하는 사람들을"
"","00:23:22:08","00:23:26:01","특별히 장려하는 요소라고 생각합니다."
"","00:23:26:01","00:23:31:20","네. 일리가 있네요. 그리고 미래에 필요한 핵심 역량이라고 생각합니다."
"","00:23:31:20","00:23:34:16","네, बिल्कुल요. 네. 이해가 됩니다."
"","00:23:34:16","00:23:37:01","방금 말씀하신 것처럼 개방성의 한계 같은 게 있는 거죠."
"","00:23:37:01","00:23:39:08","당신은 과거 지도자처럼 보이십니다. 좀 더 자세히 설명해 드리고"
"","00:23:39:08","00:23:41:15","싶었습니다."
"","00:23:41:15","00:23:45:15","그래서 저는 칠레의 누군가가 당신의 말이 실제로 가능하고,"
"","00:23:45:15","00:23:49:15","결국에는 그런 식으로 이의를 제기하면 해결될 수 있다고 말했기"
"","00:23:49:15","00:23:53:15","때문에, 증거 제한이 어디에 있는지에 대한 명확한 증거가 있는지"
"","00:23:53:15","00:23:57:05","궁금합니다. 당신이 말하는 것은 무엇인가요? 네."
"","00:23:57:05","00:23:59:05","네. 그러니까 제 말은, 이건 제가 6만 4천 달러짜리 질문이라고 하려던"
"","00:23:59:05","00:24:01:05","게"
"","00:24:01:05","00:24:05:05","아니라, 어쩌면 10억 달러짜리 질문일지도 모른다는 거죠?"
"","00:24:05:07","00:24:09:07","하지만 인공지능에서 흥미로운 모든 것은 바로 이"
"","00:24:09:07","00:24:13:07","추론이라는 질문과 관련되어 있습니다. 물론"
"","00:24:13:07","00:24:17:07","추론이란 무엇인지 정의하는 것은 지난 2000년"
"","00:24:17:07","00:24:21:07","동안 철학자들의 끊임없는 고민거리였습니다."
"","00:24:21:07","00:24:25:07","그렇죠. 따라서 추론이 정확히 무엇을 의미하는지"
"","00:24:25:07","00:24:29:07","규정하는 것은 제가 맡을 수 있는 과제는 아닙니다."
"","00:24:29:07","00:24:33:07","하지만 우리가 자연스럽고 직관적으로 추론이라고"
"","00:24:33:07","00:24:36:24","인식하는 몇 가지 활동들을 현재 LLM(언어"
"","00:24:36:24","00:24:40:05","학습 모델)은 모방할 수 없는 것처럼 보입니다."
"","00:24:40:07","00:24:42:24","좀 더 자세히 설명하고 몇 가지 예를 들어보겠습니다. 먼저 예시부터"
"","00:24:42:24","00:24:45:16","들어보죠."
"","00:24:45:16","00:24:47:22","지금으로부터 약 18개월 전, 그 이야기는 꽤 많은 방송 시간을"
"","00:24:47:22","00:24:50:04","차지했습니다."
"","00:24:50:04","00:24:54:09","그래서 아마도 이 내용을 잘 알고 계실 분들이 있을 겁니다."
"","00:24:54:09","00:24:58:09","아이들에게 두 개의 정해진 크기의 용기를"
"","00:24:58:09","00:25:02:09","사용하여 특정 부피의 액체를 측정해야 하는"
"","00:25:02:09","00:25:06:18","간단한 수수께끼를 내는 경우가 있을 겁니다."
"","00:25:06:18","00:25:09:01","그러니까, SA1은 5개들이 한 병이에요."
"","00:25:09:01","00:25:15:05","주전자 5리터, 전부 7리터."
"","00:25:15:07","00:25:19:07","그래서 그건 꽤 간단한 문제죠. 그리고 당연히 이런"
"","00:25:19:07","00:25:23:07","자료들은 인터넷에 널려 있어서 제가 이 자료들이 어떻게"
"","00:25:23:07","00:25:27:07","활용되는지 훈련 데이터를 전부 다 살펴볼 수는 없지만,"
"","00:25:27:07","00:25:31:07","아시다시피, 제가 말씀드렸다시피 약 18개월 전에는"
"","00:25:31:07","00:25:35:07","GPT 4에게 ""7리터짜리 물통과 5리터짜리 물통이"
"","00:25:35:07","00:25:38:10","있는데, 7리터는 어떻게 측정하나요?""라고"
"","00:25:38:10","00:25:41:10","물어보면 답을 알려주곤 했습니다."
"","00:25:41:10","00:25:44:18","54는 이렇게 말할 겁니다. ""음, 5리터짜리 기수용 용기에 물을"
"","00:25:44:18","00:25:47:18","채우고, 그 5리터짜리 개를 72짜리 주전자에 부으면 되지."""
"","00:25:47:18","00:25:51:18","형, 또 5리터야. 그걸 뽑아 넣고 나면 3리터만 남고, 이 통을"
"","00:25:51:18","00:25:54:24","비우고. 이걸 뽑아 넣으면 뭔가 잘못된 것 같지? 그렇지?"
"","00:25:54:24","00:25:58:24","그리고 무슨 일이 벌어지고 있었냐면, Y 기계는 그런 질문에 대한 답처럼"
"","00:25:58:24","00:26:02:24","보이는 무언가를 만들어내고 있었던 겁니다. 그렇죠. 그게 바로 그들이"
"","00:26:02:24","00:26:06:24","했던 방식이니까요. 하지만 당신 얼굴에 나타난 혼란스러운 표정은 이 질문에"
"","00:26:06:24","00:26:10:24","대한 쉬운 답이 있다는 사실을 정확히 보여주고 있습니다. 그렇죠? 네."
"","00:26:10:24","00:26:14:24","그러니까 그 기계는 실제로 답을 제시한 것도 아니고, 추론을 한 것도"
"","00:26:14:24","00:26:18:24","아니었습니다. 그저 보기 좋은 무언가를 만들어냈을 뿐이죠. 자, 이 문제는"
"","00:26:18:24","00:26:22:24","해결됐습니다. 그렇죠? 그리고 보시다시피 상황이 너무 사소해서 사실"
"","00:26:22:24","00:26:25:05","해결하기가 그렇게 어렵지 않았습니다. 그래서 이제 그런 일은 더 이상"
"","00:26:25:05","00:26:27:18","일어나지 않습니다."
"","00:26:27:20","00:26:31:00","하지만, 팔다리가 생겨나고 그 팔다리에서"
"","00:26:31:00","00:26:34:00","무언가가 생성되는 현상은 마치..."
"","00:26:34:00","00:26:39:16","추론. 하지만 그렇지 않습니다. 여전히 매우 흔합니다."
"","00:26:39:18","00:26:43:18","자, 여기서 한 가지 짚고 넘어가야 할 점은 사고의 흐름입니다."
"","00:26:43:18","00:26:47:18","사고의 흐름은 과정과 관련이 있죠. 네. 과정이 매우 인기를"
"","00:26:47:18","00:26:51:18","얻었는데, 사고의 흐름은 우리가 보고 있는 것과는 다소"
"","00:26:51:18","00:26:55:18","다른 현상이라고 생각합니다. 즉, 정당화를 요구함으로써"
"","00:26:55:18","00:26:59:06","더 나은 답변을 얻을 수 있다는 것입니다."
"","00:26:59:06","00:27:01:05","그리고 저는 그것이 사실이라고 생각하며, 이미 사실임이 입증되었다고"
"","00:27:01:05","00:27:03:12","생각합니다."
"","00:27:03:14","00:27:07:14","하지만 사람들이 흔히 간과하는 것은, 사고의 흐름에서"
"","00:27:07:14","00:27:12:03","도출되는 결론이 정답과 다른 경우가 매우 많다는 점입니다."
"","00:27:12:03","00:27:16:03","네, 맞습니다. 결론에 이르는 추론 과정이 답과 일치하지"
"","00:27:16:03","00:27:20:03","않거나, 결론에 이르는 사고 과정 자체가 모순되거나,"
"","00:27:20:03","00:27:24:03","그 외에도 여러 가지 방식으로 진정한 추론이 아닌 경우가"
"","00:27:24:03","00:27:28:03","있습니다. 따라서 사고의 연쇄라는 것은 실제로는 연쇄가"
"","00:27:28:03","00:27:33:00","아닐 때가 많고, 심지어 사고 자체가 아닐 수도 있습니다."
"","00:27:33:00","00:27:36:04","그래서 저는 그 표현이 그다지 좋다고 생각하지는 않지만,"
"","00:27:36:04","00:27:39:04","기본적으로 일종의 유도 기법이라고 할 수 있겠죠?"
"","00:27:39:04","00:27:41:21","답변의 질을 향상시키는 데 도움이 됩니다."
"","00:27:41:21","00:27:43:23","하지만 저는 그것이 논리적인 추론이라고 생각하지 않습니다. 우리에게는 그럴"
"","00:27:43:23","00:27:46:01","만한 이유가 많이 있습니다."
"","00:27:46:01","00:27:50:01","그러니까 진정한 추론, 즉 증거에 기반하여"
"","00:27:50:01","00:27:54:01","결론을 내리는 관점에서 볼 때, 무언가"
"","00:27:54:01","00:27:58:01","심각하게 잘못되었다는 몇 가지 징후가 있다고"
"","00:27:58:01","00:28:02:01","생각합니다. 제가 언급할 수 있는 첫 번째"
"","00:28:02:01","00:28:06:23","징후는 ACL 2024 기조연설에서 나온 것입니다."
"","00:28:06:23","00:28:10:23","철도 회사 관계자가 주최한 행사였습니다. 제 생각에 그는"
"","00:28:10:23","00:28:14:23","훌륭한 아이디어와 뛰어난 통찰력을 가지고 있었습니다."
"","00:28:14:23","00:28:18:23","그 훌륭한 아이디어는 바로 예전부터 사용해 온 인공지능(AI)을"
"","00:28:18:23","00:28:22:22","활용하는 데서 비롯되었습니다. 그는 기획 분야에서 일해"
"","00:28:22:22","00:28:25:22","왔고 지금도 일하고 있습니다."
"","00:28:25:22","00:28:29:22","계획 수립은 1960년대부터 인공지능의 한"
"","00:28:29:22","00:28:33:22","부분으로, 특정 유형의 추론 방식에 도전하려는"
"","00:28:33:22","00:28:36:15","시도였습니다. 그리고 이것은 일종의 행동 지향적 추론이라고 할 수"
"","00:28:36:15","00:28:39:08","있습니다."
"","00:28:39:09","00:28:43:09","많은 부분이 블록 월드라고 불리는 일종의 시뮬레이션 세계에서"
"","00:28:43:09","00:28:47:09","이루어졌습니다. 블록 월드에는 파란색 블록, 초록색"
"","00:28:47:09","00:28:51:17","블록처럼 다양한 색깔의 블록들이 있고, 목표 상태가 있죠."
"","00:28:51:17","00:28:54:05","초록색 블록이 파란색 블록 위에 있다고 가정해 봅시다."
"","00:28:54:05","00:28:55:08","목표는 그 반대가 되는 것입니다."
"","00:28:55:08","00:28:59:08","그리고 여기서 중요한 점은 현재 상태에서 목표 상태로 나아가기"
"","00:28:59:08","00:29:02:15","위해 세상에서 무엇을 해야 하는가입니다. 그 경우"
"","00:29:02:15","00:29:05:15","답은 하나를 골라서 오른쪽 위에 놓는 것입니다."
"","00:29:05:15","00:29:09:15","그래서 꽤 간단합니다. 그런데 일반적인 경우에 고전적인 계획"
"","00:29:09:15","00:29:13:10","수립 방식은 계산적으로 매우 어렵다는 것이 밝혀졌습니다."
"","00:29:13:10","00:29:17:10","맞습니다. 그래서 기획자들은 기본적으로 효율적인 방식으로, 그리고 정답에"
"","00:29:17:10","00:29:20:20","도달할 수 있는 방식으로 탐색 공간을 탐색하려고 노력했습니다."
"","00:29:20:20","00:29:24:20","잘 알려진 바와 같이, 특히 80년대에는"
"","00:29:24:20","00:29:27:23","일종의 공통점을 향한 변화가"
"","00:29:27:23","00:29:30:23","일어났습니다."
"","00:29:30:23","00:29:34:23","그들은 이러한 계획 시스템을 테스트하고 검증하고 싶어 했습니다."
"","00:29:34:23","00:29:38:22","그래서 여러 가지 벤치마크 시스템과 벤치마크 문제를 만들어냈습니다."
"","00:29:38:22","00:29:41:14","이런 표준 세트에는 대략 600개 정도가 있었습니다."
"","00:29:41:14","00:29:45:14","그래서 새로운 계획표를 만들면, 이 문제들을 적용해"
"","00:29:45:14","00:29:49:14","보고 현재 학교보다 나은지 확인할 수 있습니다. 그렇죠."
"","00:29:49:14","00:29:53:14","그래서 라오의 기발한 아이디어는 LLM 과정에서는"
"","00:29:53:14","00:29:59:06","어떻게 하는지 궁금했던 겁니다. 그래서 그는 600점을 깎아냈죠."
"","00:29:59:08","00:30:01:19","누구였는지 기억이 안 나네요. 아마 클로드였을 거예요."
"","00:30:01:21","00:30:03:21","클로드는 꽤 잘했어요. 네, 하지만 절반 정도는요."
"","00:30:03:21","00:30:06:13","네. 방금 상자에서 꺼낸 거예요."
"","00:30:06:13","00:30:10:21","그래서 우아함은 레이아웃 계획을 아주 쉽게 세울 수 있습니다."
"","00:30:10:23","00:30:14:23","그런데 안쪽에서 발견한 똑똑한 통찰력은, 잠깐만요. 이런 일반적인 문제들과"
"","00:30:14:23","00:30:18:21","그 해답들은 인터넷에 널려 있잖아요. 그러니까 업계의 일부인 거죠."
"","00:30:18:21","00:30:22:21","그걸 일종의 반칙이라고 하는 건 좀 불공평한 것 같아요."
"","00:30:22:21","00:30:25:07","좋아요, 그럼 그 문제들을 살펴봅시다."
"","00:30:25:07","00:30:29:06","어휘 표현 방식만 약간 수정하면 됩니다."
"","00:30:29:08","00:30:31:15","그래서 문제의 구조를 그대로 유지하는 거죠. 네."
"","00:30:31:15","00:30:35:15","핵심이죠. 맞아요. 그리고 방금 색깔 블록에 대해 이야기하는 대신 특정한"
"","00:30:35:15","00:30:38:09","감정을 가진 동물들을 떠올리게 하는 이야기를 하셨잖아요. 뭐 그런 거지만,"
"","00:30:38:09","00:30:41:03","목적은 분명해요."
"","00:30:41:05","00:30:44:19","그러니까 동형이라는 거죠. 다만"
"","00:30:44:19","00:30:47:19","어휘적인 부분만 다를 뿐입니다."
"","00:30:47:19","00:30:51:19","그리고 23년과 24년에 걸쳐 진행된"
"","00:30:51:19","00:30:56:13","실험에서 성능이 약 300개에서 떨어졌습니다."
"","00:30:56:13","00:31:02:03","600초 기다려야 해요. 000초. 그러니까, 그러니까 당신은 진짜"
"","00:31:02:03","00:31:07:18","아무것도 없다는 거죠?"
"","00:31:07:18","00:31:10:13","어떤 이유로든."
"","00:31:10:14","00:31:14:14","겉보기에는 그럴듯한 추론처럼 보이는 활동이 있습니다. 하지만"
"","00:31:14:14","00:31:18:14","만약 그 추론이 실제로 옳다면, 블록에 대해 이야기하든 동물에"
"","00:31:18:14","00:31:21:06","대해 이야기하든 아무런 차이가 없습니다. 추론 구조는 당연히 동일하기"
"","00:31:21:06","00:31:23:23","때문입니다."
"","00:31:23:23","00:31:26:09","단순히 감소한 정도가 아니었습니다."
"","00:31:26:09","00:31:28:22","그냥 그랬어요. 사실 아무 의미도 없었어요. 그렇죠."
"","00:31:29:02","00:31:31:20","정말 흥미로웠어요. 총에 맞았죠."
"","00:31:31:20","00:31:33:14","좋습니다. 이제 라운드는 이 문제를 해결할 수 있는 몇 가지 방법을"
"","00:31:33:14","00:31:35:09","제안합니다."
"","00:31:35:09","00:31:37:06","그리고 이 이야기에는 분명히 더 많은 내용이 있습니다."
"","00:31:37:06","00:31:41:06","네. 그런데 제가 보기에 그 헤드라인은 정말"
"","00:31:41:06","00:31:45:06","흥미롭습니다. 이것이 얼마나 심각한"
"","00:31:45:06","00:31:49:04","문제인지 이해하는 데 도움이 되거든요."
"","00:31:49:04","00:31:53:01","렌즈가 추론 능력이 부족한 것이 문제가 아닙니다."
"","00:31:53:02","00:31:56:23","문제는 렌즈가 추론할 능력이 없으면서도 마치 그럴 수 있는 것처럼 보인다는"
"","00:31:56:23","00:31:59:23","점입니다. 그리고 그게 바로 사람들에게 맞는 거죠."
"","00:31:59:23","00:32:02:07","맞아요. 그럴 수 있어요. 정확히."
"","00:32:02:08","00:32:05:00","그래서 그게 바로 진실입니다."
"","00:32:05:02","00:32:07:17","이것이 바로 제시되는 내용입니다."
"","00:32:07:17","00:32:10:03","현재 기술 버전에 따르면."
"","00:32:10:05","00:32:13:03","그래서 우리가 호환 가능한 작업에서 영감을 받아 했던 일 중 하나는 논증에"
"","00:32:13:03","00:32:16:01","대한 유사한 분석을 하는 것이었습니다."
"","00:32:16:01","00:32:21:24","호환 가능하다는 것은 논증에 대한 유사한 분석을 하는 것이었습니다."
"","00:32:22:03","00:32:26:03","그러니까 다른 종류의 추론은 반드시 실천적 추론이나 행동 지향적 추론일"
"","00:32:26:03","00:32:30:14","필요는 없습니다. 바로 인식론적 추론입니다."
"","00:32:30:16","00:32:33:02","우리는 여러 가지 다른 예시를 사용했습니다."
"","00:32:33:02","00:32:37:02","그래서 저희는 일종의 논리 퍼즐 같은 실험을 하나 해봤어요."
"","00:32:37:02","00:32:39:24","예를 들어, 하얀 집, 파란 집, 빨간 집, 초록 집 이렇게 네 채가 있는"
"","00:32:39:24","00:32:42:22","거죠."
"","00:32:42:22","00:32:48:07","그러니까 과학자가 다섯 명 있다면, 아인슈타인도 개를 키운다는 거죠."
"","00:32:48:07","00:32:52:20","물고기를 키우는 사람은 얼룩말 옆집에 산다는 식이죠."
"","00:32:52:20","00:32:57:18","그리고 마지막에 ""윈스턴의 개 이름은 뭐예요?"" 같은 질문이 나오죠."
"","00:32:57:20","00:33:01:20","그러니까, 문제를 해결하는 데 필요한 정보는 항상 충분히"
"","00:33:01:20","00:33:05:20","제공됩니다. 흥미로운 점은 이러한 문제의 난이도를"
"","00:33:05:20","00:33:09:00","매우 정확하게 조절할 수 있다는 것입니다."
"","00:33:09:00","00:33:13:00","각기 다른 범주에서 변수의 개수를 변경할 수 있기"
"","00:33:13:00","00:33:18:07","때문입니다. 그래서 저희는 여러 가지 실험을 진행했습니다."
"","00:33:18:07","00:33:22:07","간단히 말해서, LMS라는 학습 모델이 특히"
"","00:33:22:07","00:33:26:07","훈련 데이터에 특정 문제가 포함되어 있을 때 매우"
"","00:33:26:07","00:33:30:07","뛰어난 성능을 보이는 게임을 발견했습니다."
"","00:33:30:07","00:33:34:00","하지만 새로운 문제, 특히 더 어려운 문제를"
"","00:33:34:00","00:33:37:00","제공하면 성능이 급격히 떨어졌습니다."
"","00:33:37:00","00:33:41:00","맞죠? 저희는 최근에 실제 논증을 살펴보기도 했습니다."
"","00:33:41:00","00:33:45:00","그리고 기본적으로 이렇게 생각했죠. ""좋아요,"
"","00:33:45:00","00:33:49:00","우리가 가진 모든 논증 구조와 제가 언급했던 데이터"
"","00:33:49:00","00:33:53:00","문장을 활용해 보자. 그럼 이 중에서 하나를 골라서,"
"","00:33:53:00","00:33:57:00","예를 들어 하나의 전제가 중간 결론을 뒷받침하고, 그"
"","00:33:57:00","00:34:01:00","중간 결론을 통해 해결책을 찾는 논증을 하나 선택해"
"","00:34:01:00","00:34:05:00","보자. 그리고 그 중간 결론을 가려보자. 그러면"
"","00:34:05:00","00:34:09:24","상대방에게 이렇게 말하는 거지. '여기 전제가 있습니다.'"""
"","00:34:09:24","00:34:12:04","마지막으로 결론을 말씀드리겠습니다."
"","00:34:12:04","00:34:16:12","그런 다음, 실제 중간 완료를 포함하여 몇 가지 사항을 선택합니다."
"","00:34:16:17","00:34:19:14","그리고 다른 세 가지가 더 있습니다. 반대편에도 비슷한 것이 있죠. 그럼"
"","00:34:19:14","00:34:23:08","중간에 무엇을 넣어야 할까요? 네."
"","00:34:23:10","00:34:26:19","대략적으로 말하자면, 그 결과는 우연보다 나을 게 없습니다."
"","00:34:26:21","00:34:29:11","딱히 나을 건 없네요. 그냥 잘 돌아가기만 하면 돼요."
"","00:34:29:16","00:34:33:16","알겠습니다. 그래서 고전적인 계획 수립이든,"
"","00:34:33:16","00:34:37:16","논리 퍼즐이든, 인간의 논증이든, 이러한"
"","00:34:37:16","00:34:41:16","다양한 추론 방식에는 근본적인 한계가 있는"
"","00:34:41:16","00:34:46:03","것 같습니다. 어느 정도는 가능할 수도 있겠죠."
"","00:34:46:03","00:34:50:03","그리고 저는 여기 앉아서 '저는 절대로 그것들을 할 수"
"","00:34:50:03","00:34:53:03","없을 거예요'라고 말할 수는 없어요."
"","00:34:53:07","00:34:57:07","네. 다만 현재로서는 현행 기술들이 올바른 방향으로"
"","00:34:57:07","00:35:01:20","확장되고 있다는 증거가 없다는 겁니다. 알겠습니다."
"","00:35:01:20","00:35:05:01","네. 그럼 뭔가 특별한 걸 생각해낼 수 있을지도 모르겠네요."
"","00:35:05:02","00:35:07:04","현재 기술들이 확장성에 도움이 될 수도 있겠죠. 하지만 지금으로서는 제가"
"","00:35:07:04","00:35:09:06","그렇게 할 수 없다는 증거는 없습니다."
"","00:35:09:06","00:35:13:06","네, 이해합니다. 네. 그래서 그 한계점은 상당히 의미"
"","00:35:13:06","00:35:17:06","있는 발견입니다. 왜냐하면 인공지능과 인간이 어떻게"
"","00:35:17:06","00:35:20:20","협력해야 할지에 대한 여지를 주기 때문입니다."
"","00:35:20:20","00:35:24:20","그래서 저는 현재 육상 기술의 이러한"
"","00:35:24:20","00:35:28:20","한계가 LLM의 적용뿐 아니라 렌즈를"
"","00:35:28:20","00:35:32:20","다른 유형의 AI와 연결하는 데에도"
"","00:35:32:20","00:35:36:20","기회를 제공한다고 생각합니다."
"","00:35:36:20","00:35:40:08","아시다시피, 이러한 AI는 완전히"
"","00:35:40:08","00:35:43:08","사라졌다고 생각하기 쉽지만 말입니다."
"","00:35:43:08","00:35:47:08","하지만 LLM과 함께 활용하여 가치를"
"","00:35:47:08","00:35:51:08","창출할 수 있는 유용한 AI 기술들이"
"","00:35:51:08","00:35:55:08","많이 있습니다. 따라서 저는 앞으로"
"","00:35:55:08","00:35:59:08","기회가 있을 것이라고 생각하며, 실제로"
"","00:35:59:08","00:36:03:08","저희 회사뿐만 아니라 여러 곳에서 이"
"","00:36:03:08","00:36:07:08","주제가 논의되었습니다. 전통적인"
"","00:36:07:08","00:36:11:08","AI와 통계적 언어에만 의존하지 않는"
"","00:36:11:08","00:36:15:08","현대 AI의 일부를 결합함으로써 새로운"
"","00:36:15:08","00:36:19:08","영역이 열릴 수 있을 것입니다. 네."
"","00:36:19:08","00:36:23:08","추론이 바로 완벽한 예라고 생각합니다."
"","00:36:23:08","00:36:27:08","2017년 이전에는 AI 연구의"
"","00:36:27:08","00:36:31:08","대부분이 추론 모델 개발이나, 세상에서"
"","00:36:31:08","00:36:35:08","어떻게 움직이는지, 어떻게 효율적으로"
"","00:36:35:08","00:36:39:08","증명과 검증을 수행하는지 등에 집중되어"
"","00:36:39:08","00:36:43:08","있었습니다. AI 분야의 어느 위치에"
"","00:36:43:08","00:36:46:17","있든, 대부분 단일 추론이나 분산"
"","00:36:46:17","00:36:49:24","추론에 관한 연구였습니다."
"","00:36:50:01","00:36:54:01","그래서 렌즈가 지식 표현 방식, 지식"
"","00:36:54:01","00:36:58:01","공학, 이러한 지식 구조에 대한 추론"
"","00:36:58:01","00:37:02:01","방식 등 다른 기술들과 상호 작용할 수"
"","00:37:02:01","00:37:06:01","있는 방법을 찾고, 우리의 LLM과"
"","00:37:06:01","00:37:10:01","다른 기술들 사이에 이러한 심층적인"
"","00:37:10:01","00:37:13:24","연결을 구축하는 것이 중요합니다."
"","00:37:13:24","00:37:17:24","제 생각에는 현재로서는 상당히 개방적인 공간인 것 같습니다."
"","00:37:17:24","00:37:21:24","그렇군요. 그러니까 모델 3의 데이터 기반 접근 방식과"
"","00:37:21:24","00:37:26:23","동시에 열정적인 접근 방식을 갖는 것이 중요하겠네요. 맞습니다."
"","00:37:26:23","00:37:29:00","그걸 일종의 신경 상징이라고 부르는데, 신경과 관련된 거죠. 그런 종류인"
"","00:37:29:00","00:37:31:02","것 같아요. 네."
"","00:37:31:02","00:37:33:16","그래서 데이터와 기호는 일종의...라고 생각합니다."
"","00:37:33:18","00:37:36:11","맞아요. 네. 수십 년 동안 그랬죠. 하지만 저는 둘이 합쳐질 수 있다고"
"","00:37:36:11","00:37:39:05","생각해요. 네, 제 생각에도 완전히 맞는 말이에요."
"","00:37:39:05","00:37:40:12","그러니까, 사람들은 오랫동안 신경 기호 접근법에 대해 이야기해 왔다는"
"","00:37:40:12","00:37:41:19","거죠."
"","00:37:41:19","00:37:45:19","그리고 제 생각에는 지금 이런 스타일이, 만약"
"","00:37:45:19","00:37:49:00","당신이 좋아한다면, 꽤 괜찮은 것 같아요."
"","00:37:49:00","00:37:53:00","이는 여러 가지를 좌우할 수 있는 요인 중 하나입니다."
"","00:37:53:00","00:37:57:00","현재 모델 요소들이 수행할 수 있는 기능에 상당한"
"","00:37:57:00","00:38:01:00","한계가 나타나고 있기 때문입니다. 동시에,"
"","00:38:01:00","00:38:05:00","기호 인공지능 분야의 지식인들 사이에서는"
"","00:38:05:00","00:38:09:00","자신들의 도구와 기술을 제공하려는 열정이 매우"
"","00:38:09:00","00:38:13:00","높습니다. 그리고 우리 커뮤니티의 계산 모델"
"","00:38:13:00","00:38:17:00","분야는 자연어 처리(NLP) 분야의 연구에만"
"","00:38:17:00","00:38:21:00","국한되지 않는다는 점을 명심해야 합니다. 네."
"","00:38:21:00","00:38:25:00","그러니까 추상적인 논증 체계도 있고, 구조화된 논증"
"","00:38:25:00","00:38:29:00","프레임워크도 있는데, 이 모든 것들은 자동 추론과 추론"
"","00:38:29:00","00:38:33:00","등을 수행하는 메커니즘을 제공합니다. 즉, 논증 이론"
"","00:38:33:00","00:38:38:17","분야 내에서도 논증 기술이 존재한다는 거죠. 따라서 잠재력이 매우 큽니다."
"","00:38:38:19","00:38:42:19","그리고 나서 형식 온톨로지나 자동화 같은 영역으로 확장해 나가면서요."
"","00:38:42:19","00:38:46:19","네. 그런 식으로요. 그런데 그때부터 문제가 생기기 시작하죠."
"","00:38:46:19","00:38:50:19","너무 많아요. 네. 사실 저도 다음 질문을 하려고 했는데, 말씀하신"
"","00:38:50:19","00:38:53:18","것처럼 주석을 달기 위해 다른 구성 요소들을 어떻게 결합해야 하는지가"
"","00:38:53:18","00:38:57:00","한계점인 것 같아서요."
"","00:38:57:02","00:39:01:02","증강현실 기술을 딥러닝이나 다른 AI"
"","00:39:01:02","00:39:05:02","시스템에 결합하여 개선 효과를 확인할"
"","00:39:05:02","00:39:09:02","수 있는 구체적이고 실질적인 초기 성공"
"","00:39:09:02","00:39:13:02","사례를 제시해 주실 수 있나요? LLM을"
"","00:39:13:02","00:39:17:02","다른 AI 기술과 결합하는 것은 항상"
"","00:39:17:02","00:39:21:02","어려운 과제이며, 다소 지루한 엔지니어링"
"","00:39:21:02","00:39:25:09","작업이 많이 필요하잖아요?"
"","00:39:25:11","00:39:28:15","음, 마냥 신나는 일만 있는 건 아니죠. 네, 네."
"","00:39:28:17","00:39:31:11","학문적인 면과 디자인적인 면. 때로는 현실적인 문제에 직접 부딪혀야 할"
"","00:39:31:11","00:39:34:10","때도 있다."
"","00:39:34:12","00:39:38:12","그리고 제가 생각하기에 저희가 적어도 어느 정도는 그렇게"
"","00:39:38:12","00:39:42:12","해온 분야 중 하나는 기술 분야에서 추론 구조를 자동으로"
"","00:39:42:12","00:39:46:12","인식하는 작업을 하는 사람들의 커뮤니티를 돕는 것입니다."
"","00:39:46:12","00:39:51:06","이것이 바로 논증 마이닝 분야입니다."
"","00:39:51:08","00:39:55:08","채굴은 매우 어려운 작업이기 때문에 엄청난 노력이"
"","00:39:55:08","00:39:59:08","필요했습니다. 그리고 공유 작업이나 데이터 세트 등을"
"","00:39:59:08","00:40:03:08","중심으로 다양한 커뮤니티 활동이 진행되어 왔습니다."
"","00:40:03:08","00:40:05:21","저희는 이러한 노력을 더욱 발전시키기 위해 개방형 프레임워크를 구축하고자"
"","00:40:05:21","00:40:08:10","했습니다."
"","00:40:08:10","00:40:12:10","네. 워낙 많은 요소가 있어서 전체적인 문제를 해결하려면"
"","00:40:12:10","00:40:16:10","여러 가지 구성 요소가 필요하거든요. 텍스트를 입력받아야"
"","00:40:16:10","00:40:21:01","하고, 대화형 상호작용이 있다면 그걸 분석해야 하죠."
"","00:40:21:06","00:40:25:06","적절한 세분화 분석, 논증적 담화, 단위 세분화, 기본 담화, 인간"
"","00:40:25:06","00:40:28:10","세분화를 수행할 수 있어야 합니다. 훨씬 더 어려운"
"","00:40:28:10","00:40:31:10","작업입니다. 그런 다음 연결 고리를 찾아야 합니다."
"","00:40:31:10","00:40:35:10","그다음에는 그러한 연결들을 입력해야 합니다. 그리고 나서"
"","00:40:35:10","00:40:39:10","추론이나 충돌 등 어떤 종류의 요소들이 있는지 파악하고, 암묵적인"
"","00:40:39:10","00:40:43:10","내용을 채워 넣어야 하는 등 계속해서 작업을 진행해야 합니다."
"","00:40:43:10","00:40:47:10","사람들은 흔히 모든 것을 해결하려고 하기보다는, 이 부분에"
"","00:40:47:10","00:40:51:10","집중하는 방식을 택하는데, 이는 타당성이 높지만, 그러려면"
"","00:40:51:10","00:40:55:10","다른 모든 작업이 이미 완료되어 있어야만 해당 부분에 적용할 수"
"","00:40:55:10","00:40:59:10","있습니다. 그래서 저희는 RMF(Open Argument"
"","00:40:59:10","00:41:03:10","Mining Framework)라는 프레임워크를"
"","00:41:03:10","00:41:07:10","개발했습니다. 이 프레임워크는 다양한 구성 요소를 효과적으로"
"","00:41:07:10","00:41:11:10","파이프라인 방식으로 연결하여, 주어진 순간에 원하는 구성"
"","00:41:11:10","00:41:14:10","요소를 활용할 수 있는 환경을 제공하는 것을 목표로 합니다."
"","00:41:14:10","00:41:17:15","세분화에 관심이 없다면 세분화 모듈 중"
"","00:41:17:15","00:41:20:15","하나를 선택하여 적용하면 됩니다."
"","00:41:20:15","00:41:24:15","음, 연결된 연결성이라고 할까요? 그리고 멋진 사진을 만들어주는"
"","00:41:24:15","00:41:28:15","애플리케이션을 사용하는 거죠. 네. 프레임워크에는 거의"
"","00:41:28:15","00:41:32:15","100개에 달하는 모듈이 있는데, 일부는 저희 연구 그룹에서"
"","00:41:32:15","00:41:36:20","개발했고, 일부는 커뮤니티의 다른 구성원들이 개발했습니다."
"","00:41:36:22","00:41:40:22","실제로 프로그래밍 전문 지식이 거의 없어도 드래그 앤 드롭 방식으로"
"","00:41:40:22","00:41:45:20","파이프라인을 구축하고 실행 버튼을 눌러 데이터를 입력할 수 있습니다."
"","00:41:45:22","00:41:49:22","그러니까, 이 환경은 신경 수준의 처리"
"","00:41:49:22","00:41:53:22","방식에 전적으로 또는 매우 크게 의존하는"
"","00:41:53:22","00:41:57:22","모듈들이 있는 반면, 자동 추론, 시각화"
"","00:41:57:22","00:42:01:22","또는 다른 종류의 수동 처리를 수행하는"
"","00:42:01:22","00:42:05:18","완전히 기호적인 요소들도 있는"
"","00:42:05:18","00:42:08:18","환경이라고 할 수 있습니다."
"","00:42:08:20","00:42:12:20","그리고 두 가지를 혼합한 방식도 있죠. 네."
"","00:42:12:20","00:42:16:20","그러니까, 컴퓨팅 자원의 가용성, 작업, 문제의"
"","00:42:16:20","00:42:20:20","종류, 텍스트의 복잡성, 그리고 활용 가능한"
"","00:42:20:20","00:42:24:20","다른 알고리즘에 따라 다양한 파이프라인 조합을"
"","00:42:24:20","00:42:28:20","선택할 수 있다는 겁니다. 하지만 이 모든 것은"
"","00:42:28:20","00:42:32:20","개방적이고 확장 가능한 공통 언어와 프레임워크"
"","00:42:32:20","00:42:36:20","내에서 이루어집니다. 이것이 바로 두 가지 전략을"
"","00:42:36:20","00:42:42:10","결합하는 한 가지 예시, 적어도 접근 방식이라고 할 수 있겠네요."
"","00:42:42:10","00:42:46:10","그리고 제 생각에는 이런 기능을 하는 애플리케이션, 즉"
"","00:42:46:10","00:42:50:00","일반 대중에게 제공되는 애플리케이션들도 아마"
"","00:42:50:00","00:42:56:03","머지않아 비슷한 상황에 직면할 것 같습니다."
"","00:42:56:05","00:43:00:05","다음 질문으로 넘어가서, 증강 기술과 같은"
"","00:43:00:05","00:43:04:05","우리가 논의했던 내용을 어떻게 더 발전시켜"
"","00:43:04:05","00:43:08:05","적용할 수 있을지 궁금합니다. 이미 여러 분야에서"
"","00:43:08:05","00:43:12:05","연구를 진행해 오셨지만, 기업 의사 결정과 같은"
"","00:43:12:05","00:43:16:05","미개척 분야에서는 아직 개척되지 않은 영역이"
"","00:43:16:05","00:43:20:05","있는 것 같습니다. 여러 기관에서 협력하고"
"","00:43:20:05","00:43:24:05","계시죠. 앞으로의 방향에 대한 비전을 말씀해"
"","00:43:24:05","00:43:28:05","주시겠어요? 음, 앞으로 많은 일이 일어날 수"
"","00:43:28:05","00:43:32:05","있겠지만, 저는 오랫동안 생각해 왔던 중요한"
"","00:43:32:05","00:43:36:05","의사 결정, 즉 중대한 결과를 초래하는 결정에"
"","00:43:36:05","00:43:40:05","기술이 엄청난 역할을 할 수 있을 거라고 생각합니다."
"","00:43:40:05","00:43:44:05","네. 왜냐하면 결론이 그다지 중요하지 않은 의사"
"","00:43:44:05","00:43:49:00","결정의 경우에는 기술이 큰 역할을 할 수 있기 때문이죠."
"","00:43:49:02","00:43:51:06","절대 안 돼. 아무도 시간과 노력을 투자하지 않을 거야."
"","00:43:51:06","00:43:55:06","맞아요. 그러니까 누가 설거지를 할 건지 가지고"
"","00:43:55:06","00:43:59:06","다툴 때 말이죠. 네, 저는 그렇게 생각하진 않지만,"
"","00:43:59:06","00:44:02:24","그런 중요한 문제라면 얘기가 다르잖아요."
"","00:44:02:24","00:44:05:20","기업 이사회 회의실이 바로 완벽한 예입니다."
"","00:44:05:20","00:44:09:20","하지만 아시다시피, 제가 언급했듯이 정보"
"","00:44:09:20","00:44:13:20","분석도 또 다른 예입니다. 이 방송을 시청하시는"
"","00:44:13:20","00:44:17:20","많은 분들이 각자의 분야에서 위험 부담이 큰"
"","00:44:17:20","00:44:24:01","상황에 적용할 수 있는 사례를 떠올리실 수 있을 거라고 생각합니다."
"","00:44:24:03","00:44:28:03","그리고 저는 사람들이 의사결정의 질을 중요하게"
"","00:44:28:03","00:44:32:03","생각하는 모든 경우에, 의사결정의 질을 향상시키는"
"","00:44:32:03","00:44:36:03","기술 지원 프로세스에 투자하려는 의지가 있을 거라고"
"","00:44:36:03","00:44:39:03","생각합니다. 제가 보기에는 그렇습니다."
"","00:44:39:04","00:44:41:14","그리고 저는 기업의 의사 결정 과정이 이러한 가능성에 활짝 열려 있다고"
"","00:44:41:14","00:44:44:14","생각합니다."
"","00:44:44:16","00:44:48:16","그 이유 중 하나는, 아마도 제가 주로"
"","00:44:48:16","00:44:52:16","고등 교육 분야에서 일하기 때문에,"
"","00:44:52:16","00:44:56:16","고등 교육 기관의 경영 방식이 직관에"
"","00:44:56:16","00:45:00:06","크게 의존하는 경향이 있다는 것을"
"","00:45:00:06","00:45:03:06","알기 때문일 것입니다."
"","00:45:03:11","00:45:07:11","의제인가요, 아니면 이것들이"
"","00:45:07:11","00:45:13:04","역설적이라는 건가요? 네. 가공되지 않은 데이터요. 네."
"","00:45:13:04","00:45:17:04","그리고 제 생각에는, 네, 그런 약점들은 꽤 흔한 것 같아요."
"","00:45:17:04","00:45:19:15","그렇다고 해서 키에 있어서 직감이 중요하지 않다는 건 아니에요. 오히려 그"
"","00:45:19:15","00:45:22:02","반대죠."
"","00:45:22:02","00:45:26:12","네. 고위 의사결정권자들에게는 그런 직관이 엄청나게 귀중하죠."
"","00:45:26:12","00:45:30:12","하지만 데이터를 활용하여 사실을"
"","00:45:30:12","00:45:34:12","확인하거나 반증하거나, 혹은 단순히"
"","00:45:34:12","00:45:38:12","탐색하는 것은 대체로 활용되지 않거나,"
"","00:45:38:12","00:45:42:12","적어도 원칙에 입각한 방식으로 활용되지"
"","00:45:42:12","00:45:46:00","않는다고 생각합니다."
"","00:45:46:02","00:45:50:02","그리고 우리는 보다 철저한 탐색과 의사 결정을 신속하게 가능하게"
"","00:45:50:02","00:45:53:16","하는 도구와 기술을 개발할 수 있을지도 모릅니다."
"","00:45:53:20","00:45:57:12","그리고 제 생각엔 그게 아마도 가장"
"","00:45:57:12","00:46:01:03","흥미로운 점 중 하나일 거예요."
"","00:46:01:05","00:46:04:07","단기적인 관점에서 보면 그렇습니다. 정보의"
"","00:46:04:07","00:46:07:20","내용을 이미 가지고 있으니 당연한 이야기죠."
"","00:46:07:22","00:46:10:01","때때로 우리의 결정이 옳지 않을 수도 있습니다. 기본적으로 그런 점에"
"","00:46:10:01","00:46:12:06","달려있죠."
"","00:46:12:06","00:46:16:06","그리고 말씀하신 것처럼, 결국 그 결정은 직관에 달려"
"","00:46:16:06","00:46:20:06","있을 수도 있겠지만, 그 결정이 매력적인 영역으로"
"","00:46:20:06","00:46:24:06","보이는 직관에 기반한 가정에 근거했다는 공통된 합의가"
"","00:46:24:06","00:46:30:01","있는 것 같습니다. 직관이 더 나아가 결정에 기여했다는 점도 중요하죠."
"","00:46:30:01","00:46:32:14","그 결정은 정확하게 작동합니다. 경영진의 결정입니다."
"","00:46:32:18","00:46:36:18","네, 맞습니다. 그러니까, 네, 공개적인 분석을"
"","00:46:36:18","00:46:40:18","시작할 수 있죠. 아주 세밀한 분석도 가능하지만,"
"","00:46:40:18","00:46:46:02","적어도 제 경험상 고객들이 그렇게 하고 싶어하는 경우가 있습니다."
"","00:46:46:02","00:46:49:14","물론 그렇지 않은 경우도 있겠죠."
"","00:46:49:16","00:46:52:17","행동을 제한해야죠. 네, 말씀하신 대로입니다."
"","00:46:52:17","00:46:56:17","아시다시피, 조직으로서 의사결정이"
"","00:46:56:17","00:47:00:17","어디서 이루어지는지 알 수 없었습니다."
"","00:47:00:17","00:47:04:17","네. 맞습니다. 그리고 성별, 인종,"
"","00:47:04:17","00:47:08:17","그리고 기타 여러 가지 현실적인 제약과"
"","00:47:08:17","00:47:12:17","압력 때문에 의사결정이 제대로"
"","00:47:12:17","00:47:16:17","이루어지고, 필요한 사람들에게"
"","00:47:16:17","00:47:20:24","서비스를 제공할 수 있게 되는 것 같습니다."
"","00:47:20:24","00:47:25:10","네. 덜, 뭐라고 해야 할까요, 덜 공격적인 사람이라는 사실 때문이죠."
"","00:47:25:14","00:47:29:12","네. 누가 말했든 간에, 그 사람이 현재 그 상황을 추적할 수 있도록"
"","00:47:29:12","00:47:32:12","결정을 내리는 데 중요한 역할을 하고 있습니다."
"","00:47:32:12","00:47:36:13","네. 예리해야 하죠. 네."
"","00:47:36:15","00:47:40:15","이런 환경에서 무슨 일이 일어나고 있는지에 대한 직관력이 뛰어난 사람들이"
"","00:47:40:15","00:47:44:15","있습니다. 반면에 기술이 그러한 직관력을 뒷받침하여 가치가 어디에서"
"","00:47:44:15","00:47:48:11","오는지 파악하는 데 도움을 줄 수 있다면 더할 나위 없이 좋겠죠."
"","00:47:48:11","00:47:51:07","네. 제 생각에는 대부분의 조직에서 정확히 그런 종류의 정보를 필요로 할"
"","00:47:51:07","00:47:54:21","거라고 봅니다."
"","00:47:54:23","00:47:59:02","물론이죠. 투명성이 높을수록 더 나은 결과를 얻을 수 있으니까요."
"","00:47:59:02","00:48:03:02","결국에는 살아남을 겁니다. 지금 당장은 일부 고객들이 좋아하지"
"","00:48:03:02","00:48:05:23","않을 수도 있지만, 그런 회사들이 의사결정을 더 잘한다면 결국에는 성공할"
"","00:48:05:23","00:48:08:20","거라고 생각합니다."
"","00:48:08:21","00:48:12:21","제 말은, 정확히 그렇다는 겁니다. 그러니까 이건 일종의 인간"
"","00:48:12:21","00:48:16:21","행동에 관한 문제인데, 제 주장을 객관적으로 드러냈을 때 어떤"
"","00:48:16:21","00:48:19:13","사람들은 받아들일 수 있지만, 어떤 사람들은 불편하게 여길 수도 있기"
"","00:48:19:13","00:48:22:05","때문입니다."
"","00:48:22:05","00:48:24:15","제 말은, 이런 활동과 같은 증강 동작을 말하는 겁니다."
"","00:48:24:15","00:48:28:21","그러니까 그건 당신 삶에서 편안한 부분이 아니죠."
"","00:48:28:23","00:48:32:23","요즘 대부분의 AI 도구들은 진화하면서 사용자가 하고 있는"
"","00:48:32:23","00:48:36:23","것을 없애는 방향으로 나아가고 있는데, 증강은 그와는"
"","00:48:36:23","00:48:41:05","정반대 방향이라고 생각합니다. 저도 어느 정도 동의합니다."
"","00:48:41:11","00:48:44:08","그러니까 예측이란, 현재 업계의 발전 방향에 역행하는 일종의 베팅이라고 할"
"","00:48:44:08","00:48:47:06","수 있죠."
"","00:48:47:06","00:48:49:07","네. 어떻게 생각하세요? 뭐, 그런 셈이죠."
"","00:48:49:07","00:48:54:15","그건 정말 많은 양이죠. 네. 해결해 볼 만한 흥미로운 과제인 것 같아요."
"","00:48:54:15","00:48:58:15","제 말은, 우리 모두에게는 한편으로는"
"","00:48:58:15","00:49:02:15","노력의 결실을 맺을 거라는 본능이 있지만,"
"","00:49:02:15","00:49:06:15","동시에 내재된 게으름도 있잖아요. 저는"
"","00:49:06:15","00:49:10:15","항상 게으름을 피하고 싶어 하죠. 우리"
"","00:49:10:15","00:49:14:15","모두 그런 모습을 보잖아요. 헬스장"
"","00:49:14:15","00:49:18:15","회원권 출석을 예로 들어볼까요? 회원권"
"","00:49:18:15","00:49:22:05","발급 자체는 비교적 간단하죠."
"","00:49:22:05","00:49:26:05","네. 출석에는 좀 더 많은 노력과 헌신이 필요하죠."
"","00:49:26:05","00:49:27:21","네. 하지만 그게 우리한테 좋다는 걸 알고 있어요."
"","00:49:27:21","00:49:31:21","네. 그러니까, 참여하는 게 참여하지"
"","00:49:31:21","00:49:35:21","않는 것보다 더 어렵다는 건 사실이지만,"
"","00:49:35:21","00:49:39:21","사람들이 선천적으로 그걸 잘하는"
"","00:49:39:21","00:49:43:20","것만은 아니라고 생각해요."
"","00:49:43:22","00:49:47:22","저는 이것이 인간이라는 존재를 정의하는 중요한 부분이라고 생각해요."
"","00:49:47:22","00:49:51:18","그렇죠? 그리고 우리 모두가 그렇게 한다고 생각합니다."
"","00:49:51:18","00:49:55:18","네. 완전히 직관적이죠. 네. 어쨌든, 교통 체증을"
"","00:49:55:18","00:49:59:18","피하기 위해 오른쪽이 아닌 왼쪽으로 방향을 틀기로"
"","00:49:59:18","00:50:03:18","결정할 때, 그건 일련의 추론 과정을 거치는 거잖아요."
"","00:50:03:18","00:50:05:14","네. 정말 순식간에 일어나는 일이죠."
"","00:50:05:14","00:50:09:14","그리고 저는 그러한 능력을 드러내고,"
"","00:50:09:14","00:50:13:14","그 과정을 차근차근 밟아나가고,"
"","00:50:13:14","00:50:17:14","명확하게 표현할 수 있는 자신감을 갖게"
"","00:50:17:14","00:50:21:14","된다면, 적절한 지원만 있다면 그것은"
"","00:50:21:14","00:50:25:14","강력한 기술이 될 뿐만 아니라 사람들이"
"","00:50:25:14","00:50:29:14","즐기고 자부심을 느끼며, 자신의 의견에"
"","00:50:29:14","00:50:33:14","대한 논리 정연한 주장을 펼치기 위해"
"","00:50:33:14","00:50:36:20","투자할 만한 가치가 있는 일이 될"
"","00:50:36:20","00:50:39:20","수 있다고 생각합니다."
"","00:50:39:20","00:50:43:20","결과적으로 그들의 의견이 반영되고 형성되는 것을"
"","00:50:43:20","00:50:47:20","볼 수 있습니다. 따라서 조직이 의사 결정 방식에"
"","00:50:47:20","00:50:51:20","대한 기대를 심어주는 것은 어느 정도 문화적인"
"","00:50:51:20","00:50:55:20","측면이 있다고 생각합니다. 또한 개인적인 측면도"
"","00:50:55:20","00:50:58:22","어느 정도 영향을 미친다고 봅니다."
"","00:50:58:22","00:51:02:22","정당한 의견을 제시하는 것과 그 의견에 대한 사람들의"
"","00:51:02:22","00:51:06:22","반응을 살펴보는 것 모두 의사 결정 과정의 일부라는"
"","00:51:06:22","00:51:09:24","점을 이해하는 것이 중요합니다."
"","00:51:09:24","00:51:13:24","그리고 저는 그것이 부분적으로는 기술적인 문제, 즉 복잡하고"
"","00:51:13:24","00:51:17:24","지적이며 감정적인 환경과 상호 작용할 수 있는 소프트웨어와"
"","00:51:17:24","00:51:21:18","도구를 갖추는 것과 관련이 있다고 생각합니다."
"","00:51:21:20","00:51:25:20","그러니까, 이런 모든 이유 때문에 어려운 점도"
"","00:51:25:20","00:51:29:20","있지만, 그만큼 보상도 클 수 있습니다. 꼭"
"","00:51:29:20","00:51:33:20","100% 더 나은 결정을 내릴 필요는 없잖아요?"
"","00:51:33:20","00:51:37:20","단 몇 퍼센트만이라도 더 나은 결정을 내린다면,"
"","00:51:37:20","00:51:42:00","회사의 전망은 완전히 달라질 수 있습니다."
"","00:51:42:02","00:51:44:02","문제는 투자 수익률(ROI)을 입증하는 거죠, 그렇죠? 왜냐하면, 우리가"
"","00:51:44:02","00:51:46:02","그"
"","00:51:46:02","00:51:47:23","결정을 내리지 않았더라면 어떻게 됐을까 하는 상황을 절대 알 수"
"","00:51:47:23","00:51:49:19","없으니까요."
"","00:51:49:19","00:51:53:08","네. 네. 그러니까 고객이 이해할 수 있는 방식으로 투자"
"","00:51:53:08","00:51:56:08","수익률(ROI)에 대한 이야기를 전달하는 것이 중요하죠."
"","00:51:56:08","00:51:59:07","네, 네. 그거 까다롭죠. 네."
"","00:51:59:09","00:52:03:09","하지만 제 생각에는 그런 잠재력을 알아볼 수 있는"
"","00:52:03:09","00:52:07:09","고객이라면, 의사결정을 개선하는 데 도움이"
"","00:52:07:09","00:52:11:23","될 거라고 봅니다. 네, 분명 가치를 제공할 겁니다."
"","00:52:11:23","00:52:15:23","그럼 키에 적힌 값이 맞는 것 같네요. 네, 맞습니다. 말씀하신"
"","00:52:15:23","00:52:19:23","대로 몇 가지 장애물이 있지만, 말씀하신 내용을 들어보니 듣는"
"","00:52:19:23","00:52:23:23","행위는 인류 전체에게 있어서 피할 수 없는 과정인 것 같습니다."
"","00:52:23:23","00:52:27:07","왜냐하면, 아시다시피, 일자리가 기계로 대체되면서"
"","00:52:27:07","00:52:30:07","생기는 온갖 지루한 일들이 있잖아요."
"","00:52:30:08","00:52:34:08","결국 인간의 핵심 기능은 의사결정을 내릴 때 기계의 도움을"
"","00:52:34:08","00:52:37:00","받는 것이어야 한다는 것입니다. 이것이 실현 가능한 접근 방식인 것"
"","00:52:37:00","00:52:39:17","같습니다."
"","00:52:39:17","00:52:43:17","맞습니다. 제가 말하는 것은, 복잡한"
"","00:52:43:17","00:52:47:17","정보 공간에서 여러 당사자가 참여하고"
"","00:52:47:17","00:52:51:10","다양한 쟁점을 다루는 정교한 의사결정"
"","00:52:51:10","00:52:54:16","과정을 의미합니다."
"","00:52:54:18","00:52:58:18","이것은 계몽주의 이전부터 인간 활동의"
"","00:52:58:18","00:53:02:18","근간을 이루어 왔잖아요? 정부와 의회의"
"","00:53:02:18","00:53:06:18","운영 방식부터 종교의 정의에 이르기까지"
"","00:53:06:18","00:53:10:18","말이죠. 예를 들어 1800년 전 니케아"
"","00:53:10:18","00:53:14:18","공의회를 생각해 보세요. 그들은 기독교가"
"","00:53:14:18","00:53:19:24","무엇인지, 그 범위가 무엇인지 정의했습니다."
"","00:53:20:01","00:53:24:01","그리고 마찬가지로, 과학, 즉 기계가 과학에 어떤 영향을 미칠 수"
"","00:53:24:01","00:53:26:24","있는지를 살펴보면, 과학은 기본적으로 이러한 기술의 응용일 뿐이며, 정오"
"","00:53:26:24","00:53:29:22","이전부터 그래왔습니다."
"","00:53:29:22","00:53:33:22","그러니까, 어디를 보더라도 이러한 높은"
"","00:53:33:22","00:53:37:22","기준, 즉 논리적인 근거에 기반한 증거에"
"","00:53:37:22","00:53:43:20","입각한 의사 결정은 최고 수준이라는 것을 알 수 있습니다."
"","00:53:43:20","00:53:46:05","그게 바로 우리가 바라는 바입니다. 네, 전적으로 동감합니다."
"","00:53:46:05","00:53:50:05","저도 전적으로 동의합니다. 저희 회사 딥스킬(Deep"
"","00:53:50:05","00:53:54:05","Skill)은 모든 사람의 비판적 사고 능력을 함양하는 데"
"","00:53:54:05","00:53:56:21","주력하고 있으며, 초기 단계 제품 개발 단계에서부터 IQ 향상에 힘쓰고"
"","00:53:56:21","00:53:59:12","있습니다."
"","00:53:59:13","00:54:02:22","그리고, 저는 여러분도 비슷한 움직임을 보고 있다고 생각합니다."
"","00:54:02:22","00:54:04:19","그렇다면 그러한 산업이나 운동에 대해 어떻게 생각하시는지 말씀해"
"","00:54:04:19","00:54:06:17","주시겠습니까?"
"","00:54:06:17","00:54:09:01","그에 대한 당신의 의견은 어떻습니까?"
"","00:54:09:07","00:54:13:07","네, 맞습니다. 제 생각에는 딥스킬 같은 혁신적인"
"","00:54:13:07","00:54:16:10","기업들이 바로 지금 이 순간이 왔다는"
"","00:54:16:10","00:54:19:10","것을 인식하고 있는 것 같습니다."
"","00:54:19:10","00:54:23:10","하지만 저는 기술이 점차 따라잡고 있다고"
"","00:54:23:10","00:54:27:10","생각했습니다. 그리고 이러한 발전은"
"","00:54:27:10","00:54:32:23","의사결정권자들을 교육하는 데 도움이 되고 있다고 생각합니다."
"","00:54:32:23","00:54:36:23","네, 저는 그것이 순간적인 의사 결정에 영향을 미친다고"
"","00:54:36:23","00:54:39:22","생각합니다. 또한 고객과 공급업체 간의 관계에도 영향을 미친다고"
"","00:54:39:22","00:54:42:22","생각합니다."
"","00:54:42:22","00:54:46:22","제 생각에는 B 대 B, B 대 C 등 모든 상황에서 이런 현상이"
"","00:54:46:22","00:54:50:22","일어나고 있는 것 같고, 흥미롭게도 정부와 정부 기관에서도"
"","00:54:50:22","00:54:54:15","이런 현상이 일어나고 있다고 생각합니다."
"","00:54:54:15","00:54:58:15","네, 사람들이 문서화 과정을 통해 추론하고, 실제로"
"","00:54:58:15","00:55:02:15","의사결정을 내리는 것이 그들의 핵심 역량이라는 것을 깨닫기"
"","00:55:02:15","00:55:06:18","시작했다는 거죠. 그들이 의존하는 부분이 바로 그것이니까요."
"","00:55:06:18","00:55:10:18","그래서 딥스킬(Deep Skill)과 같은"
"","00:55:10:18","00:55:14:18","회사들은 ""우리는 당신이 더 잘할 수 있도록"
"","00:55:14:18","00:55:18:18","도와주는 기술을 제공할 수 있습니다""라고 말할"
"","00:55:18:18","00:55:22:18","수 있습니다. 그리고 저는 이것이 모든 다양한"
"","00:55:22:18","00:55:26:18","영역, 다양한 형태의 논증 기술이 교육에 도입됨에"
"","00:55:26:18","00:55:30:11","따라 판도를 바꿀 것이라고 생각합니다."
"","00:55:30:16","00:55:33:04","그러니까 의사 결정 또는 다자간 의사 결정이죠."
"","00:55:33:04","00:55:36:22","그리고 그 결과로 더 나은 결정들이"
"","00:55:36:22","00:55:39:22","내려지는 것을 보게 될 것입니다."
"","00:55:40:02","00:55:41:14","그리고 저는 또 예측하는데, 물론 저는 어느 정도 편향된 시각을 가지고"
"","00:55:41:14","00:55:43:02","있을 수밖에 없습니다."
"","00:55:43:02","00:55:47:02","이 분야는 제가 담당하는 영역이지만, 그럼에도 불구하고"
"","00:55:47:02","00:55:51:02","앞으로는 분야별로 차이가 벌어질 거라고 예상합니다. 정부"
"","00:55:51:02","00:55:55:02","기관이나 기업 내 특정 부서처럼 이러한 기술을 활용하고,"
"","00:55:55:02","00:55:59:02","이러한 방식으로 훈련받고, 관련 기술을 개발하고 진지하게"
"","00:55:59:02","00:56:03:02","받아들이는 곳들이 경쟁 우위를 확보하게 될 겁니다. 그리고"
"","00:56:03:02","00:56:08:13","이러한 차이는 시장이나 다른 경쟁 지표에서 분명하게 드러날 것입니다."
"","00:56:08:13","00:56:12:13","아시다시피, 모든 것은 결국 의사결정에 달려있죠."
"","00:56:12:13","00:56:16:05","가치가 바로 거기에 있는 겁니다. 그걸 진지하게"
"","00:56:16:05","00:56:19:15","받아들인다면, 분명 상황이 바뀔 거예요."
"","00:56:19:17","00:56:21:22","우리가 이런 여정을 함께하게 되어 정말 기쁩니다."
"","00:56:21:22","00:56:25:10","네. 귀중한 통찰력에 진심으로 감사드립니다."
"","00:56:25:10","00:56:28:10","정말 흥미로운 토론이었습니다."
"","00:56:28:16","00:56:32:16","감사합니다. 좋습니다. 이렇게 말씀드렸듯이,"
"","00:56:32:16","00:56:36:16","이번 토론이 여러분께 유익한 시간이 되었기를"
"","00:56:36:16","00:56:40:16","바랍니다. 우리는 이 요소의 근본적인 한계와, 논증"
"","00:56:40:16","00:56:44:16","기술 분야가 어떻게 이 한계를 보완하고, 더 나아가"
"","00:56:44:16","00:56:49:14","인간의 의사결정 기능을 향상시킬 수 있는지에 대해 이야기했습니다."
"","00:56:49:14","00:56:54:11","그래서 바라건대, 우리가 함께 밝은 미래를 그려볼 수 있기를 바랍니다."
"","00:56:54:13","00:56:54:21","감사합니다."
